symbol,window,stop_multiplier,target_multiplier,total_return_pct,sharpe_ratio,max_drawdown_pct,trade_count
SPY,2016-09-19..2021-09-14,1.0,2.0,2.864381295655649,0.6421174388418097,1.1910986041789247,372
SPY,2016-09-19..2021-09-14,1.0,3.0,3.2687610630149466,0.6843631388079195,1.3195231781179266,277
SPY,2016-09-19..2021-09-14,1.0,4.0,4.9346038304585615,0.9866102387601974,1.6481188807810492,198
SPY,2016-09-19..2021-09-14,1.0,6.0,3.921825653469413,0.7687844748948212,1.634331249617542,156
SPY,2016-09-19..2021-09-14,1.5,2.0,3.06572432673069,0.6646761484031468,1.4286578357997086,303
SPY,2016-09-19..2021-09-14,1.5,3.0,3.955672188107995,0.8012906316042893,1.4818817075124597,215
SPY,2016-09-19..2021-09-14,1.5,4.0,4.560662069540888,0.8966052441502568,1.695414145444164,167
SPY,2016-09-19..2021-09-14,1.5,6.0,4.5350652742650155,0.862361229368565,1.7437824046126222,130
SPY,2016-09-19..2021-09-14,2.0,2.0,2.441173912681305,0.506154145578643,2.012163267581003,266
SPY,2016-09-19..2021-09-14,2.0,3.0,2.7906694778993213,0.5510857572369805,1.8077778246696214,187
SPY,2016-09-19..2021-09-14,2.0,4.0,3.5846130620558414,0.679448924902738,2.131049262414358,141
SPY,2016-09-19..2021-09-14,2.0,6.0,3.183363908625414,0.5939947325162075,2.258274689487183,113
SPY,2016-09-19..2021-09-14,3.0,2.0,1.6577088465902445,0.3267074446031187,2.23732400744584,207
SPY,2016-09-19..2021-09-14,3.0,3.0,2.9836100021283007,0.5628096048160428,2.2016624725912384,142
SPY,2016-09-19..2021-09-14,3.0,4.0,3.366444514924072,0.6193093463734217,2.43692822271229,112
SPY,2016-09-19..2021-09-14,3.0,6.0,3.700596245866561,0.6648723188395321,2.5226561512466215,86
SPY,2016-09-19..2021-09-14,4.0,2.0,1.0650219794787974,0.204081659164678,2.6268414326221863,173
SPY,2016-09-19..2021-09-14,4.0,3.0,2.2958736989922013,0.41991722625195127,2.3983627156303067,127
SPY,2016-09-19..2021-09-14,4.0,4.0,2.680076557497646,0.47801708214323235,2.5495302669029756,98
SPY,2016-09-19..2021-09-14,4.0,6.0,2.743110392201409,0.48092161934269445,2.660978364480587,68
SPY,2021-09-15..2026-09-17,1.0,2.0,4.1390936063755435,0.8054244092644615,1.2883958250512064,341
SPY,2021-09-15..2026-09-17,1.0,3.0,5.411062176314307,0.9743928479810993,1.2342783905926737,234
SPY,2021-09-15..2026-09-17,1.0,4.0,4.999199531270859,0.9021491031815267,1.1628863842453716,199
SPY,2021-09-15..2026-09-17,1.0,6.0,5.358263332582536,0.9414410724810252,1.1361102559679839,131
SPY,2021-09-15..2026-09-17,1.5,2.0,3.34041065681816,0.6279777129712822,1.374966853213095,278
SPY,2021-09-15..2026-09-17,1.5,3.0,5.190105060118255,0.9134427373083118,1.2407167939358623,176
SPY,2021-09-15..2026-09-17,1.5,4.0,5.391227137608334,0.9493968117989889,1.2320232035402559,154
SPY,2021-09-15..2026-09-17,1.5,6.0,4.640767586397643,0.822073811745405,1.2839438149024356,104
SPY,2021-09-15..2026-09-17,2.0,2.0,2.1529479439535537,0.39585603137848907,1.436126879585611,224
SPY,2021-09-15..2026-09-17,2.0,3.0,3.999021395639879,0.703878972584735,1.1780828188504824,151
SPY,2021-09-15..2026-09-17,2.0,4.0,4.385385030358613,0.7654263726660264,1.3262449626093327,122
SPY,2021-09-15..2026-09-17,2.0,6.0,5.0237973398268965,0.8996639488663171,1.3330158688623892,77
SPY,2021-09-15..2026-09-17,3.0,2.0,3.9609169050922155,0.7043346236751428,1.5854699509141565,160
SPY,2021-09-15..2026-09-17,3.0,3.0,4.474557589789496,0.7752356433482565,1.706102772010333,110
SPY,2021-09-15..2026-09-17,3.0,4.0,4.20107905076641,0.7222209641544185,1.624741394108347,83
SPY,2021-09-15..2026-09-17,3.0,6.0,4.661873301662123,0.8232133375618483,1.6726098358266126,59
SPY,2021-09-15..2026-09-17,4.0,2.0,4.671139985499995,0.8108199407256423,1.3404540736615131,131
SPY,2021-09-15..2026-09-17,4.0,3.0,4.638381489150678,0.7895310824173926,1.3718867301165405,94
SPY,2021-09-15..2026-09-17,4.0,4.0,5.354363327274547,0.9072775435844415,1.2603331054942135,69
SPY,2021-09-15..2026-09-17,4.0,6.0,4.6826558476972036,0.8219068838805942,1.3267289166494496,49
AAPL,2016-09-19..2021-09-14,1.0,2.0,6.594131834755879,1.1487272405448976,1.7581870542554872,337
AAPL,2016-09-19..2021-09-14,1.0,3.0,7.005108966419105,1.1079828204420046,1.5912351546705883,242
AAPL,2016-09-19..2021-09-14,1.0,4.0,7.758326682673555,1.197850126515473,1.5198059139232152,205
AAPL,2016-09-19..2021-09-14,1.0,6.0,7.896038224247781,1.1491361081996234,1.8135315146811462,141
AAPL,2016-09-19..2021-09-14,1.5,2.0,6.0101517948699446,0.9880643182885052,2.2099319213139808,268
AAPL,2016-09-19..2021-09-14,1.5,3.0,5.890018311269096,0.8850143294796047,1.8029498182206944,195
AAPL,2016-09-19..2021-09-14,1.5,4.0,6.977337298452513,1.0384001438416794,1.5813839686383446,145
AAPL,2016-09-19..2021-09-14,1.5,6.0,7.30838194771013,1.025917236580616,1.8598365681013296,113
AAPL,2016-09-19..2021-09-14,2.0,2.0,4.6573201763391525,0.728330825962989,2.1121822231075784,241
AAPL,2016-09-19..2021-09-14,2.0,3.0,5.443735583462361,0.7781727402587695,1.7176432581182601,173
AAPL,2016-09-19..2021-09-14,2.0,4.0,6.213935933006898,0.8922641743248142,1.9376593889973588,135
AAPL,2016-09-19..2021-09-14,2.0,6.0,7.12470355633632,0.9742737928868316,2.1750699351575813,105
AAPL,2016-09-19..2021-09-14,3.0,2.0,5.297561351293489,0.7928765122012854,2.631785645561436,192
AAPL,2016-09-19..2021-09-14,3.0,3.0,4.714038101063744,0.6672628425997246,2.658119941060795,130
AAPL,2016-09-19..2021-09-14,3.0,4.0,5.857607750340654,0.8352633637229404,2.326767036134197,111
AAPL,2016-09-19..2021-09-14,3.0,6.0,5.812362182267505,0.7893150895971398,2.759975016534284,87
AAPL,2016-09-19..2021-09-14,4.0,2.0,4.211917851274594,0.6029795465440112,2.8900901120984894,165
AAPL,2016-09-19..2021-09-14,4.0,3.0,4.642936849003254,0.6397888793971381,2.8924046954244695,109
AAPL,2016-09-19..2021-09-14,4.0,4.0,4.365458555663282,0.598529391959378,2.312481236122315,89
AAPL,2016-09-19..2021-09-14,4.0,6.0,5.206330928487346,0.6940492644946102,2.967210632597263,71
AAPL,2021-09-15..2026-09-17,1.0,2.0,3.5728866308713414,0.6397536341308359,1.7331328498876455,338
AAPL,2021-09-15..2026-09-17,1.0,3.0,2.924503655497346,0.5061322074493462,2.1253980367553393,256
AAPL,2021-09-15..2026-09-17,1.0,4.0,2.7817653352491867,0.4727437145602911,1.9898033650965454,211
AAPL,2021-09-15..2026-09-17,1.0,6.0,5.8314905884839785,0.9624898207105602,1.356543064128708,167
AAPL,2021-09-15..2026-09-17,1.5,2.0,3.6618114028634574,0.6226102045025552,2.1079297793087357,259
AAPL,2021-09-15..2026-09-17,1.5,3.0,2.6367363196230675,0.4463476728841269,2.131222781300495,194
AAPL,2021-09-15..2026-09-17,1.5,4.0,3.201860539688761,0.5273124614768283,2.152890035311507,147
AAPL,2021-09-15..2026-09-17,1.5,6.0,5.280981516566463,0.8332883335918787,1.7173278064335946,117
AAPL,2021-09-15..2026-09-17,2.0,2.0,3.670722494152434,0.6110576354634395,1.806847661101198,215
AAPL,2021-09-15..2026-09-17,2.0,3.0,3.3133541049181536,0.5414166540391371,2.1268797357808267,153
AAPL,2021-09-15..2026-09-17,2.0,4.0,3.3806028825907886,0.5403839086577974,2.032144755495304,125
AAPL,2021-09-15..2026-09-17,2.0,6.0,5.730949198892277,0.8780859785462858,1.862967847973901,99
AAPL,2021-09-15..2026-09-17,3.0,2.0,5.483164034149612,0.8841217735798625,1.6690975276616258,164
AAPL,2021-09-15..2026-09-17,3.0,3.0,4.244669001947665,0.684044139471513,1.8271472596017932,116
AAPL,2021-09-15..2026-09-17,3.0,4.0,4.43060111722493,0.7200466881443313,1.4934414157352245,81
AAPL,2021-09-15..2026-09-17,3.0,6.0,6.197742252639227,0.9456278926024908,1.550347392941767,71
AAPL,2021-09-15..2026-09-17,4.0,2.0,4.442235677170392,0.7132744595689505,1.654774772662246,133
AAPL,2021-09-15..2026-09-17,4.0,3.0,4.36211552417447,0.689489923241135,1.7440160548738568,90
AAPL,2021-09-15..2026-09-17,4.0,4.0,4.7738728289065335,0.7571844928397828,1.8678873988207463,66
AAPL,2021-09-15..2026-09-17,4.0,6.0,5.465886098193518,0.8383285251821365,1.499182108453278,57
TLT,2016-09-19..2021-09-14,1.0,2.0,-1.7912667366233426,-0.4346650342913993,3.24165704630478,309
TLT,2016-09-19..2021-09-14,1.0,3.0,-2.9533150626845472,-0.682797634905374,3.5457897356897314,236
TLT,2016-09-19..2021-09-14,1.0,4.0,-1.698401531659366,-0.37725058040529785,2.762499338943758,211
TLT,2016-09-19..2021-09-14,1.0,6.0,-1.533279355071171,-0.3164167441457187,2.6512778485038377,163
TLT,2016-09-19..2021-09-14,1.5,2.0,-2.743772099048314,-0.6380113229672424,3.2870596618120933,252
TLT,2016-09-19..2021-09-14,1.5,3.0,-2.8611544139910072,-0.6419226866186923,3.1139760181209475,179
TLT,2016-09-19..2021-09-14,1.5,4.0,-2.232270512841772,-0.48036231656782313,3.138253058430829,155
TLT,2016-09-19..2021-09-14,1.5,6.0,-1.4815212581226311,-0.2998385717172702,2.6430006484071935,121
TLT,2016-09-19..2021-09-14,2.0,2.0,-2.9691170977768078,-0.6759326410002398,3.281917175321742,200
TLT,2016-09-19..2021-09-14,2.0,3.0,-2.7968783159200483,-0.6105154499274604,3.0033265731753476,136
TLT,2016-09-19..2021-09-14,2.0,4.0,-2.3122343108280985,-0.4948982914867329,2.790166064538176,125
TLT,2016-09-19..2021-09-14,2.0,6.0,-1.8652242419131437,-0.3771150001787312,2.621526739595379,97
TLT,2016-09-19..2021-09-14,3.0,2.0,-3.050891822032431,-0.6808647686794035,3.4129472369955907,145
TLT,2016-09-19..2021-09-14,3.0,3.0,-2.9798550716374828,-0.6423865220332949,3.1323033136175154,96
TLT,2016-09-19..2021-09-14,3.0,4.0,-2.4670934044134007,-0.5262732027076018,2.8166416093074393,88
TLT,2016-09-19..2021-09-14,3.0,6.0,-1.414711654948686,-0.283674330043981,2.2186366942769267,62
TLT,2016-09-19..2021-09-14,4.0,2.0,-2.5361371618567774,-0.5725953649573701,2.853735591321873,119
TLT,2016-09-19..2021-09-14,4.0,3.0,-2.8218542427633664,-0.6175675223102786,3.0246360340375165,80
TLT,2016-09-19..2021-09-14,4.0,4.0,-2.3903105291618765,-0.5164220068176959,2.832929415056965,73
TLT,2016-09-19..2021-09-14,4.0,6.0,-1.5901616882717184,-0.3239528643486137,2.465899777791476,56
TLT,2021-09-15..2026-09-17,1.0,2.0,-0.2667788109549929,-0.049751987720916456,3.278840846879393,303
TLT,2021-09-15..2026-09-17,1.0,3.0,0.07452022082050647,0.0195620294609365,2.6642465375146394,235
TLT,2021-09-15..2026-09-17,1.0,4.0,0.3109932379461,0.06434926338495983,2.3050634235056395,174
TLT,2021-09-15..2026-09-17,1.0,6.0,1.5484809426049573,0.2993950395972124,2.3900346249465705,123
TLT,2021-09-15..2026-09-17,1.5,2.0,-0.5241675600312301,-0.09957763457607248,3.148749989749061,232
TLT,2021-09-15..2026-09-17,1.5,3.0,0.5306573887746469,0.10492118322623396,2.484457501127783,173
TLT,2021-09-15..2026-09-17,1.5,4.0,0.4457909017989925,0.08939248514250665,2.2328492883570825,128
TLT,2021-09-15..2026-09-17,1.5,6.0,0.974238299973007,0.1875648690801234,2.4291367476974046,90
TLT,2021-09-15..2026-09-17,2.0,2.0,0.05873674297254272,0.016469559712386936,2.489620921595515,185
TLT,2021-09-15..2026-09-17,2.0,3.0,-0.09225353250142954,-0.011873688667379386,2.7665528100279015,126
TLT,2021-09-15..2026-09-17,2.0,4.0,0.09773752890649412,0.02354087399509914,2.2494249504251336,93
TLT,2021-09-15..2026-09-17,2.0,6.0,0.6740236993599602,0.13076406854011824,2.80751879862678,69
TLT,2021-09-15..2026-09-17,3.0,2.0,-0.8440953999611644,-0.1559875559281635,2.8371003440917275,141
TLT,2021-09-15..2026-09-17,3.0,3.0,-0.0917646561287011,-0.011553170610969412,2.6355763899893305,112
TLT,2021-09-15..2026-09-17,3.0,4.0,0.2752777144169327,0.05671145177044386,1.8705861550725682,75
TLT,2021-09-15..2026-09-17,3.0,6.0,1.1755592151553085,0.2195551089176969,2.1441167265326864,55
TLT,2021-09-15..2026-09-17,4.0,2.0,-0.638288408669796,-0.11440270686294414,2.9227310070180765,113
TLT,2021-09-15..2026-09-17,4.0,3.0,0.27666779505606254,0.05660239564922279,2.4522313397396625,79
TLT,2021-09-15..2026-09-17,4.0,4.0,0.314206766188585,0.06326229947307274,2.437330656788749,61
TLT,2021-09-15..2026-09-17,4.0,6.0,1.2674178907042144,0.2365061776956129,2.0185133643556266,48
GLD,2016-09-19..2021-09-15,1.0,2.0,0.5720662999302961,0.13120936875811662,3.733672100262369,352
GLD,2016-09-19..2021-09-15,1.0,3.0,1.996801974374085,0.4341066883163725,3.430849936120433,245
GLD,2016-09-19..2021-09-15,1.0,4.0,1.950574331509114,0.407914657848863,3.4686555427697026,208
GLD,2016-09-19..2021-09-15,1.0,6.0,2.5383892227960336,0.502412859408807,3.08074775566405,172
GLD,2016-09-19..2021-09-15,1.5,2.0,-0.12098049144578793,-0.020712373136091228,4.241199126439954,273
GLD,2016-09-19..2021-09-15,1.5,3.0,0.42105192048700335,0.0920389526872495,4.091279477229406,197
GLD,2016-09-19..2021-09-15,1.5,4.0,1.8751545461983987,0.38593253111100795,3.806970079627402,163
GLD,2016-09-19..2021-09-15,1.5,6.0,1.8657454382699612,0.37054033213142595,3.4139827790652886,129
GLD,2016-09-19..2021-09-15,2.0,2.0,-0.04338661853803272,-0.004442145432689462,3.967026843802469,227
GLD,2016-09-19..2021-09-15,2.0,3.0,1.2197120225878155,0.25319217367789176,3.73897566761934,164
GLD,2016-09-19..2021-09-15,2.0,4.0,1.4451745968220298,0.2876462640058415,3.7208306814066705,140
GLD,2016-09-19..2021-09-15,2.0,6.0,1.7650175267808654,0.34670160406991973,3.517488537636293,109
GLD,2016-09-19..2021-09-15,3.0,2.0,0.28938179047410806,0.06412115944099106,3.9732705627906832,163
GLD,2016-09-19..2021-09-15,3.0,3.0,1.3263964952507923,0.2702177672710767,3.5435866801333344,121
GLD,2016-09-19..2021-09-15,3.0,4.0,1.5972202797240875,0.3156305070824455,3.362534070379359,105
GLD,2016-09-19..2021-09-15,3.0,6.0,1.4230908196696035,0.2764997227448141,3.402081326513219,80
GLD,2016-09-19..2021-09-15,4.0,2.0,0.3711946168225344,0.07952751197069885,3.8123136275763967,141
GLD,2016-09-19..2021-09-15,4.0,3.0,1.5233374652695142,0.3078997590651967,3.3182457793573006,101
GLD,2016-09-19..2021-09-15,4.0,4.0,2.1809420284663927,0.41957273290856256,3.292663987200023,84
GLD,2016-09-19..2021-09-15,4.0,6.0,1.5375323500418592,0.29919179285918157,3.333305861798412,66
GLD,2021-09-16..2026-09-18,1.0,2.0,2.129033593155749,0.3909038320780561,2.9418283804217698,378
GLD,2021-09-16..2026-09-18,1.0,3.0,4.514024031737107,0.7777920505185669,2.6993347078954946,267
GLD,2021-09-16..2026-09-18,1.0,4.0,4.6908520636605555,0.7535969111837545,2.6376773066373485,212
GLD,2021-09-16..2026-09-18,1.0,6.0,3.9519176611459095,0.6333565976439282,3.3198410143210353,163
GLD,2021-09-16..2026-09-18,1.5,2.0,1.0750231563740886,0.19344379822900892,3.8203808355009716,288
GLD,2021-09-16..2026-09-18,1.5,3.0,3.9527430050993573,0.6560022591496799,2.889491904317824,221
GLD,2021-09-16..2026-09-18,1.5,4.0,4.072604960251902,0.653059228117357,3.012234453998065,162
GLD,2021-09-16..2026-09-18,1.5,6.0,3.71221062653444,0.5877979786926132,3.332379931886688,125
GLD,2021-09-16..2026-09-18,2.0,2.0,-0.2136490313633388,-0.029871476907391736,4.253685143766327,230
GLD,2021-09-16..2026-09-18,2.0,3.0,2.633851822943356,0.4270089281838532,3.4362716787030587,182
GLD,2021-09-16..2026-09-18,2.0,4.0,3.10165690718216,0.4811513602687072,3.5385381002706926,139
GLD,2021-09-16..2026-09-18,2.0,6.0,2.7594736992186952,0.42987090543284845,3.6755827200402122,103
GLD,2021-09-16..2026-09-18,3.0,2.0,-0.07916740486270113,-0.006537174436217728,3.9052612937495375,175
GLD,2021-09-16..2026-09-18,3.0,3.0,2.6357024035335685,0.41022373536656803,3.806633425192927,135
GLD,2021-09-16..2026-09-18,3.0,4.0,2.5664187678436035,0.3978223890771037,3.77375472584591,112
GLD,2021-09-16..2026-09-18,3.0,6.0,2.029361218282366,0.3114141781714115,3.908783697970076,76
GLD,2021-09-16..2026-09-18,4.0,2.0,0.6518136033987654,0.10718989513209,4.299658592149018,154
GLD,2021-09-16..2026-09-18,4.0,3.0,2.9729011302981556,0.4425849565429945,3.898442757064763,116
GLD,2021-09-16..2026-09-18,4.0,4.0,3.0268513926245744,0.44395045659128124,3.9713031125844225,93
GLD,2021-09-16..2026-09-18,4.0,6.0,2.796541481384418,0.40538888025228204,3.8069797961743883,69
QQQ,2016-09-19..2021-09-15,1.0,2.0,3.6120837345318346,0.6720518007325994,1.2265341773424656,406
QQQ,2016-09-19..2021-09-15,1.0,3.0,4.447224692194518,0.7591505119356708,1.4697078757249078,293
QQQ,2016-09-19..2021-09-15,1.0,4.0,4.95089106444595,0.8201924838807956,1.4235524203373864,247
QQQ,2016-09-19..2021-09-15,1.0,6.0,6.807871184815584,1.1050847236953933,1.469610375301474,178
QQQ,2016-09-19..2021-09-15,1.5,2.0,4.307633442969827,0.7505533172694193,1.4831504248206626,321
QQQ,2016-09-19..2021-09-15,1.5,3.0,6.1214584120170334,1.002128140655265,1.3484964564488655,215
QQQ,2016-09-19..2021-09-15,1.5,4.0,6.115063325701198,0.977577343195124,1.7204243364517824,185
QQQ,2016-09-19..2021-09-15,1.5,6.0,7.132433858074649,1.1364395993628016,1.8191904659999223,117
QQQ,2016-09-19..2021-09-15,2.0,2.0,4.245559182494185,0.7079043847334106,1.8037674459650617,288
QQQ,2016-09-19..2021-09-15,2.0,3.0,6.0130939511573445,0.9517700168207133,1.5817205956835894,198
QQQ,2016-09-19..2021-09-15,2.0,4.0,5.800296696223195,0.9141678800834298,2.0444321021067395,146
QQQ,2016-09-19..2021-09-15,2.0,6.0,6.960982590550291,1.1104844165435972,2.0485586966969693,96
QQQ,2016-09-19..2021-09-15,3.0,2.0,5.557747884120934,0.8918818585626123,1.7887182853733288,206
QQQ,2016-09-19..2021-09-15,3.0,3.0,6.151757184828455,0.9529866405808757,1.7598045515935092,138
QQQ,2016-09-19..2021-09-15,3.0,4.0,6.922876230218722,1.077824600762773,1.487593438613456,107
QQQ,2016-09-19..2021-09-15,3.0,6.0,6.563455299713072,1.0078916703417848,1.8790623275365423,71
QQQ,2016-09-19..2021-09-15,4.0,2.0,4.8638265789086255,0.7485451052078564,1.710175820174743,181
QQQ,2016-09-19..2021-09-15,4.0,3.0,6.034777952638248,0.9121767813752681,1.8380675771586423,120
QQQ,2016-09-19..2021-09-15,4.0,4.0,6.545853438960458,0.9979689195174045,1.5347266675824665,95
QQQ,2016-09-19..2021-09-15,4.0,6.0,6.321429053864036,0.9366156093472199,1.9577759659810405,63
QQQ,2021-09-16..2026-09-18,1.0,2.0,3.6639964165816163,0.6391677573727921,3.4057532615551827,349
QQQ,2021-09-16..2026-09-18,1.0,3.0,3.836421460804229,0.627963681677049,3.485460042839282,257
QQQ,2021-09-16..2026-09-18,1.0,4.0,4.410849423254959,0.7001669595905357,3.571959933794666,204
QQQ,2021-09-16..2026-09-18,1.0,6.0,3.1002684018483606,0.49244461311988474,3.582209110540528,168
QQQ,2021-09-16..2026-09-18,1.5,2.0,1.6844158213512594,0.28057773032118183,4.114587980786645,287
QQQ,2021-09-16..2026-09-18,1.5,3.0,2.6490967354449557,0.4218301012570435,3.758243267447604,193
QQQ,2021-09-16..2026-09-18,1.5,4.0,2.1036982149756023,0.32688077470813004,4.281995031075266,160
QQQ,2021-09-16..2026-09-18,1.5,6.0,2.1938343229602086,0.3418344526985076,4.30251176662847,124
QQQ,2021-09-16..2026-09-18,2.0,2.0,2.9407815829390227,0.4769403073203231,4.218462903459723,233
QQQ,2021-09-16..2026-09-18,2.0,3.0,3.3795837990205913,0.5314182805976728,3.95505349598123,147
QQQ,2021-09-16..2026-09-18,2.0,4.0,2.179090491323521,0.3361161109677016,4.285266076611538,131
QQQ,2021-09-16..2026-09-18,2.0,6.0,2.1986981064792355,0.336984047099488,4.310491260726903,100
QQQ,2021-09-16..2026-09-18,3.0,2.0,2.6819854255607067,0.4296945956615891,4.110177718400645,163
QQQ,2021-09-16..2026-09-18,3.0,3.0,3.1434235428805746,0.4832089733469904,3.970532721749805,115
QQQ,2021-09-16..2026-09-18,3.0,4.0,1.8461825535942777,0.28193635430924946,4.052262081998459,104
QQQ,2021-09-16..2026-09-18,3.0,6.0,2.010807248245583,0.3079832928886343,4.167576698480156,75
QQQ,2021-09-16..2026-09-18,4.0,2.0,2.1627217847409286,0.33679586264417716,4.1392727935368026,140
QQQ,2021-09-16..2026-09-18,4.0,3.0,3.293609415836962,0.4978600643161349,4.04115737029266,101
QQQ,2021-09-16..2026-09-18,4.0,4.0,2.7996428036342946,0.41531200336175045,4.049470980282031,80
QQQ,2021-09-16..2026-09-18,4.0,6.0,2.5140330583219406,0.37246689073333183,4.244998317595662,58
BTC-USD,2016-09-19..2021-09-18,1.0,2.0,7.162412021310716,0.904950640276031,2.1805330006286496,460
BTC-USD,2016-09-19..2021-09-18,1.0,3.0,8.053697549623418,0.9509910784559477,2.361103870676829,348
BTC-USD,2016-09-19..2021-09-18,1.0,4.0,8.807760001165166,0.9703042791199662,2.2150672811225687,303
BTC-USD,2016-09-19..2021-09-18,1.0,6.0,9.469062497235425,0.9574836944656389,2.4346985287058445,226
BTC-USD,2016-09-19..2021-09-18,1.5,2.0,6.863129223651954,0.8240064899602536,2.3399489717836333,365
BTC-USD,2016-09-19..2021-09-18,1.5,3.0,6.801011635420373,0.7752545321572802,2.5118836300407548,267
BTC-USD,2016-09-19..2021-09-18,1.5,4.0,9.226239782629332,0.9839098136836574,2.153948411443377,237
BTC-USD,2016-09-19..2021-09-18,1.5,6.0,9.088714964421607,0.9187615147817744,2.7864316232713287,166
BTC-USD,2016-09-19..2021-09-18,2.0,2.0,6.021323444693838,0.6912334767943147,2.8200690461625557,316
BTC-USD,2016-09-19..2021-09-18,2.0,3.0,7.47163903299537,0.8131930280966063,2.933612416711373,222
BTC-USD,2016-09-19..2021-09-18,2.0,4.0,9.179895435135732,0.9497545190098012,2.3598876535491256,197
BTC-USD,2016-09-19..2021-09-18,2.0,6.0,9.240960160949507,0.9085779697255805,2.827245807570117,140
BTC-USD,2016-09-19..2021-09-18,3.0,2.0,6.9294652343098395,0.7561702410988058,2.534206186454284,240
BTC-USD,2016-09-19..2021-09-18,3.0,3.0,8.899755229820405,0.9203548759313817,2.3139509415477324,178
BTC-USD,2016-09-19..2021-09-18,3.0,4.0,9.04154982606251,0.8996509541179606,2.3442010497847576,152
BTC-USD,2016-09-19..2021-09-18,3.0,6.0,10.373228984443038,0.9681303294009813,2.5595548350902266,111
BTC-USD,2016-09-19..2021-09-18,4.0,2.0,7.189372801429883,0.7812775282053445,2.8067922300590706,195
BTC-USD,2016-09-19..2021-09-18,4.0,3.0,8.464988029897258,0.860283020258678,2.9611175022380865,162
BTC-USD,2016-09-19..2021-09-18,4.0,4.0,8.823037852941408,0.8760860334284819,2.6182299056447937,124
BTC-USD,2016-09-19..2021-09-18,4.0,6.0,9.995454516425806,0.9080549441733979,3.1598756413911655,95
BTC-USD,2021-09-19..2026-09-19,1.0,2.0,-0.20932056839609858,-0.021806464932509206,3.5428677810033298,457
BTC-USD,2021-09-19..2026-09-19,1.0,3.0,-1.0168255045563068,-0.116487794073681,4.5735168958825065,348
BTC-USD,2021-09-19..2026-09-19,1.0,4.0,-0.98463653409675,-0.10926389243868574,4.206328409980619,294
BTC-USD,2021-09-19..2026-09-19,1.0,6.0,-0.018116787644606447,0.004251670691840114,4.385659884320066,223
BTC-USD,2021-09-19..2026-09-19,1.5,2.0,-1.1593084563579992,-0.13916256123413984,4.277058655502653,339
BTC-USD,2021-09-19..2026-09-19,1.5,3.0,0.8473357013405014,0.10410808767283032,3.356238323736157,261
BTC-USD,2021-09-19..2026-09-19,1.5,4.0,0.31784694357406273,0.04228142480479991,4.1685404323295945,209
BTC-USD,2021-09-19..2026-09-19,1.5,6.0,0.3000954962586677,0.03925652328778366,4.450186250520332,160
BTC-USD,2021-09-19..2026-09-19,2.0,2.0,-2.0315640361982523,-0.244602279599504,4.8178183439235145,269
BTC-USD,2021-09-19..2026-09-19,2.0,3.0,0.07029642275593329,0.014082682248882233,3.4924260046215134,207
BTC-USD,2021-09-19..2026-09-19,2.0,4.0,-1.286722309981947,-0.1404761762756638,4.9124615128626985,172
BTC-USD,2021-09-19..2026-09-19,2.0,6.0,-1.9897771912531614,-0.2107466320553359,5.7040104347797635,134
BTC-USD,2021-09-19..2026-09-19,3.0,2.0,-2.7101631196589926,-0.3091709910899469,5.214629671224979,202
BTC-USD,2021-09-19..2026-09-19,3.0,3.0,-0.47186254709526976,-0.04518463360394175,4.364315734353899,162
BTC-USD,2021-09-19..2026-09-19,3.0,4.0,-0.6884972564243141,-0.06861396731521607,5.179472848977223,128
BTC-USD,2021-09-19..2026-09-19,3.0,6.0,-1.3815592353796369,-0.1425162527123851,4.875760809875002,95
BTC-USD,2021-09-19..2026-09-19,4.0,2.0,-4.34549699557839,-0.486108900902738,6.899372224746234,177
BTC-USD,2021-09-19..2026-09-19,4.0,3.0,-2.4096354288981936,-0.2526526016835324,6.221333378781473,132
BTC-USD,2021-09-19..2026-09-19,4.0,4.0,-2.336747516523585,-0.24201256517918787,6.627674878398296,111
BTC-USD,2021-09-19..2026-09-19,4.0,6.0,-2.7039040282742177,-0.2821224212659028,6.169551660961385,82
